Tensile Modulus (MPa),Tensile Strength (MPa),Flexural strength (MPa),Flexural Modulus (MPa),Glass Transition Temperature (degree celsius),Shore Hardness D (),Density (g/cm3)
Tensile Modulus (MPa),Tensile Strength (MPa),Flexural strength (MPa),Flexural Modulus (MPa),Glass Transition Temperature (degree celsius),Shore Hardness D (),Density (g/cm3)
2000,,,,,,
2030,,,,,,
95,24,,,,,
1550,22,,,,,
2020,,69,2050,,,
3120,,,,57,,
4000,,125,3800,146.5,84.5,1.3
1625,38,56.5,1520,60,80,1.19
3390,65.5,111.5,3080,62,86,1.23
3290,65.5,99,2965,56,85,1.2
2895,63,94,2850,58,86,1.21
2200,43.5,69.5,2200,62,86,1.16
2100,43.5,65.5,2150,62,86.5,1.16
3755,30,106,3686.5,103,87,1.23
9650,67,139,9050,77,92,1.78
2555,52.5,83,2325,70,85,1.17
2145,46.5,82,2340,57,87,1.15
9570,82.5,141,8320,109,89,1.62
2455,49.5,78,2145,62,80,1.17
2095,40,74.5,2095,56,86,1.15
1625,38,56.5,1550,60,80,1.19
9350,77.5,147,9450,,80,1.61
4505,67.5,101.5,4485,104,86,1.36
2490,53,98,2235,,80,
2130,41,65,2010,,,
1010,22,33,1250,58,72,1.18
2992,60,114.5,3182,82,88,1.25
1315,45,,,52,75,1.18
1885,41,61.5,1795,,,1.19
2465,47.5,77,2450,52,76,1.18
1604,2.84,,,89,,
1517,48,46,1310,,74,
8.3,2.05,,6.85,,,
2040,41,62,1770,,76,1.02
4068,26.5,37,3106,,77,1.49
4312.5,41,76.5,3587.5,,75,
1586,43,48,1387,,73,
4340,37,64,3710,,78,1.31
1570,43,51,1360,,76,1.02
1578.5,45,56,1436,,77,1.02
2010,45,61,1720,,77,1.03
3720,45,60,3120,,73,1.33
4123,44,75,3430,,73,1.12
1770,47,63,1650,,73,0.95
5.3,2.1,,6,,,0.78
3.7,3.9,,,-24,,1.13
1330,41,41,1120,19,76,1.15
355,14,14,577,-1,68,1.18
2800,67,100,2840,82,83,1.13
1860,44,64,2020,57,79,1.12
2765,72,114,2890,83,85,1.16
3.6,3.6,,,-26,,1.13
1400,46,37,990,18,76,1.15
840,36,22,680,11,68,1.18
4000,81,140,4260,,89,1.3
262,13.7,,,,68,1.18
2760,69,111,2800,110,84,1.2
2320,63,92,2290,62,79,1.16
434,19,,,21,59,1.17
1780,40,61,1650,46,79,1.11
2180,50,75,2070,58,81,1.11
2120,48,73,1960,55,82,1.12
,1050,,,,,
,1100,,,,,
180,610,,,,,
172500,665,,,,,7.976
62,400,,,,,
,480,,,,,
71000,390,,,,,2.67
,1200,,,,,
225000,1045,,,,,
,1230,,,,,8.1
,1110,,,,,
,1035,,,,,
195000,1070,,,,,8.43
,930,,,,,
112500,500,,,,,
115000,1070,,,,,
112500,1160,,,,,
1750,32.5,42.5,,,70,
0.35,0.3,,,,,1.12
0.35,0.3,,,,,1.12
2550,48.5,69.5,1950,,80.5,1.18
2442,58,65,,,83,
2414,56,66,,,83,
154,2.2,3,,,,
1288,28,38,,,,
1700,30,40,,,,
,,,,,,
0.35,0.3,,,,,1.12
0.35,0.3,,,,,1.12
,,,,,,
850,33,52,1200,,78.5,1.19
1300,45,78,2000,,78.5,1.18
1300,42,64,1700,,78.5,1.19
1750,40,55,,,77,1.16
2750,65,95,,,,
1594,35.2,44.5,,,,
,,,,,,
1463,42.4,49,,,,
1724,32,45,,,,
,,,,,,
735,20.5,28.1,,,,
1794,40,,,,,
1724,32,45,,,,
1108,26.2,26.6,,,,
1850,41,51,,,,
866,22.1,28.1,,,,
2168,49,65,,,,
1555,32.8,43.8,,,,
1267,31,39,,,,
1925,39.4,51.4,,,,
300,17.5,,,,60,
22570,9.2,11.7,4833,,,
2150,45,76,2350,62,86,1.15
2560,52,83,2330,70,85,1.17
1630,38,57,1550,60,80,1.19
1620,38,57,1420,60,80,1.19
3390,66,112,3080,62,86,1.23
2626,48,74,2390,65,80,1.18
1910,40,61,1824,58,72,1.18
1890,41,62,1850,52,86,1.19
2280,,68,2300,,,1.05
1775,31.3,,1509,100,65.2,1.037
1121,24.3,,856,107,66.7,1.03
2080,,75.5,2210,,,1.05
3000,45,67,3640,,72,1.4
2100,62,85,2300,,76,1.3
350,45,,,,46,1.1
350,45,,,,46,1.1
4100,105,130,3900,143,85,1.26
3200,85,160,3300,,,1.27
4015,52.9,,2987,76,76.4,1.317
3000,53,171,2040,80,,1.29
3585,127.5,,,,,1.24
2340,69.6,91,2410,220,,1.29
67,17.7,,66,,,1.222
,,90,,,,3.05
360800,,400,,,,3.9
209400,,1088,,,,5.97
200000,,500,,,,5.75
200000,,1150,,,,5.9
70,8,7,65,,,1
1950,42,76,1985,105,,1.05
2010,43,78,1956,104,,1.07
1350,40,70,1600,100,,1.04
2200,59,86,2370,137,,1.14
2100,55,85,2205,126,,1.15
1654,45,72,1610,80,,1.24
2410,62,78,2200,147,,1.2
1400,47,75,1645,80,,1.28
3300,109,135,3100,165,,1.34
2560,55,95,2980,60,,1.26
2600,55,55,2650,83,,1.34
2635,55,55,1900,158,,1.84
2131,42,80,2274,105,,1.09
2300,68,95,2410,143,,1.24
1794,46,74,1779,80,,1.28
1400,70,50,1450,80,,1.28
2710,62,115,2690,217,,1.34
2005,47,80,2200,100,,1.09
3800,63,84,3750,70,,1.17
8100,105,136,8300,143,,1.39
9560,115,135,9850,165,,1.38
8210,105,124,830,165,,1.38
6200,70,90,5890,143,,1.36
4018,44,76,5260,105,,1.11
4928,55.5,80,5740,80,,1.34
4791,47.9,114,6320,60,,1.29
7700,145,120,7500,217,,1.31
2865,56,115,3185,60,,1.24
1990,45,80,2250,105,,1.18
2450,51,50,1800,170,,1.71
3285,55,77,3320,80,,1.41
,,,,,,
2218,51,80,2380,110,,1.27
3720,100,130,2700,143,,1.3
2500,56,110,2510,217,,1.27
2050,54,90,2170,186,,1.34
3200,105,134,2900,165,,1.29
2650,50,52,2540,283,,1.28
2310,55,110,2215,230,,1.28
2100,52,87,2050,187,,1.24
3800,58,90,3600,,,1.26
,,,,,,
,,,,,,
,,2330,89.94,,75,
,,89.15,1907,,80,
,,2397,95,,78,
,9.16,,,,,
,1.3,,,,,1.083
1500,30,,,,,1
,,,,,84,1.12
,,,,,82.5,1.16
,,,,,79,1.1
,,,,,84,1.15
,,,,,,1.1
,,,,,80,1.15
,,,,,90,1.12
2200,52,80,2000,80,81.5,1.12
,,,,,89,1.13
,,,,,84.5,1.14
,,,,,77.5,1.05
2300,50,82,2200,88,83.5,1.12
2131,42,80,2274,105,,1.09
,46.4,,,,,1.04
6000,100,,,,,1
,50,68,2027,,,1.23
,64.4,85,3100,58,,1.24
,38.6,,,,,
,,,,,,
,12.8,,,,55,0.89
,23.8,,,-35,,
,1015,,,,,
,1385,,,,,
,1015,,,,,
,1329.5,,,,,
,1079.5,,,,,
,1329.5,,,,,
,1079.5,,,,,
,,,,,,
,,,,,,
,,,,,,
,,,,,,
,,,,,,
,,,,,,
,,,,,,
,,,,,,
,,26.1,,,,
,,,,,,
,60,,,,77.5,
,48.5,,,65,82.5,1.15
,16.5,,,,67.5,
,11,,,,47.5,
,4.75,,,,,
,0.35,,,,,
,0.75,,,,,
,1.5,,,,,
1580,39,,,,,1.11
,31.5,,,,82.5,
,32.5,,,,82.5,
,28.5,,,,82.5,
4000,59,,,,,
2062.5,29.5,,,57.5,,1.04
2434,,,,55,,1.21
2286,39,,,126.5,,1.163
1875.5,34.5,,,,,1.257
2741,39,,,,,1.177
,,,,,,1.027
5569.5,59.5,,,,,1.186
3338.5,34.5,,,,,1.328
,48,,,129.5,,1.144
3401,43,,,128.5,,1.251
2983.5,38.5,,,,,1.251
4668,56.5,,,60,,1.319
4028.5,50,,,67,,1.298
4668,56.5,,,60,,1.319
4028.5,50,,,67,,1.298
,,,,,,1.183
,,,,,,1.13
,41,,,,,1.145
2088,36.5,,,81,,1.276
,,,,,,1.255
582,16,,,,,0.904
666.5,17,,,,,0.908
651,15.5,,,,,
,,,,,,1.112
,,,,,,1.249
2380,80,100,3200,,86,
2200,65,80,2450,,83.5,
2300,64,84,2500,,84.5,
1.1,1.7,,,,,
1800,49,70,2225,,81,
1670,44,68,1840,,83,
1600,39,62,1650,,80,
2000,51,80,2300,,84,
1380,26,47,1430,,79,
2650,57,89,2430,,85,
1850,53,78,2350,,81,
2730,60,98,2710,,84,
2730,60,98,2710,,84,
2370,51,87,2260,,87,
2120,43,66,1710,,81,
,,,,,,
,,,,,,
,,,,,,
,,,,,,
,,,,,,
,,,,,,
,,,,,,
,,,,,,
,,,,,,
,,,,,,
,,,,,,
,,,,,,
,,,,,,
,,,,,,
,,,,,,
,,,,,,
,,,,,,
,,,,,,
,,,,,,
,,,,,,
,,,,,,
,,,,,,
,,,,,,
,,,,,,
,,,,,,
,,,,,,
,,,,,,
,,,,,,
,,,,,,
,,,,,,
,,,,,,
,,,,,,
,,,,,,
,,,,,,
,,,,,,
,,,,,,
,,,,,,
,,,,,,
,,,,,,
,,,,,,
,,,,,,
,,,,,,
,,,,,,
,,,,,,
,,,,,,
,,,,,,
,,,,,,
,,,,,,
,,,,,,
,,,,,,
,,,,,,
,,,,,,
,,,,,,
,,,,,,
,,,,,,
,,,,,,
,,,,,,
,,,,,,
,,,,,,
,,,,,,
,,,,,,
,,,,,,
,,,,,,
,,,,,,
,,,,,,
,,,,,,
,,,,,,
,,,,,,
,,,,,,
,,,,,,
,,,,,,
,,,,,,
,,,,,,
,,,,,,
,,,,,,
,,,,,,
,,,,,,
,,,,,,
,,,,,,
,,,,,,
,,,,,,
,,,,,,
200000,1300,,,,,
200000,955,,,,,
200000,570,,,,,
75000,317.5,,,,,
75000,317.5,,,,,
75000,345,,,,,
110000,1200,,,,,
110000,610,,,,,
200000,1650,,,,,
1200,500,,,,,
200000,1700,,,,,
,1310,,,,,
230000,1030,,,,,8.6
115000,1005,,,,,4.5
,,,,,,
,,,,,,
,,,,,86,
,,,,,90,
,,,,,83,
,,,,,78,
,,,,,,
,,,,,80,
,,,,,,
,,,,,85,
,,,,,,
,,,,,,
,,,,,85,
,,,,,,
,,,,,,
,,,,,,15.5
,,,,,,15.2
,,,,,,16
,,,,,,20.7
,,,,,,10.3
5148,53.45,115.24,6536,,,1.21
1908,50.74,67.6,1820,,,1.022
4304,50.6,80.2,3430,,,1.41
3289.8,56.21,87.9,3227,,,1.19
6248,59.9,92.2,4860,,,1.311
6048,60.42,85.8,5465.2,,,1.324
1998.9,49.14,73.3,1734.2,,77,1.02
7.25,2.85,,,,,0.45
6219.6,76.1,120.08,4647.4,,,1.106
8928.2,83.84,133,7338.2,,,1.097
800,27,37,900,81,69,1.19
2350,65,100,2500,,80,1.16
3200,72,90,3050,253,87,1.22
,,,,,,
,,,,,,
,,,,,,
,,,,,,1.15
,,,,,,1.15
,,,,,,1.15
195000,1042,,,,,
,494,,,,,
,1325,,,,,
,,,,,,
,,,,,,
,,,,,,
,,,,,,
,,,,,,
,,,,,,
,,,,,,
,,,,,,
,,,,,,
,,,,,,
,,,,,,
,,,,,,
,,,,,,
,,,,,,
,,,,,,
,,,,,,
,,,,,,
,,,,,,
2000,21,,,,,0.97
2500,25,,,,,0.92
1550,45,,,,,0.9
1000,25,,,,,0.9
,,,,,,0.92
,900,,,,,
,520,,,,,
,1200,,,,,
,660,,,,,
,890,,,,,
2650,47,63,2040,43,81,
3300,75,104,3100,82,87,
2700,66,85,2500,78,81,
2510,45,83,2530,90,,
3000,62,110,2800,135,,
3400,80,115,3300,108,88,
9200,85,120,8900,133,92,
1250,30,52,1350,,,
1350,31,43.5,1400,,,
2000,51,75,2600,121,85,
,9,,,,,
,9.5,,,,,
,2.5,,,,,
,,,,,,
,,,,,,
,,,,,85,
,,,,,,
,,,,,,
,,,,,82.5,1.15
,,,,,82.5,
,,,,,,
,,,,,,
,,,,,,
,,,,,,
,,,,,,
,,,,,,
,,,,,,
,,,,,,
,,,,,,
,,,,,,
,,,,,,
,,,,,,
,,,,,,
,,,,,,
,,,,,,
,,,,,,
,,,,,,
,,,,,,
,,,,,,
,,,,,,
,,,,,,
,,,,,,
1000,,70,,,,
1000,,70,,,,
800,,60,,,,
750,,60,,,,
800,,60,,,,
800,,60,,,,
,,,,,,
,,,,,,
,,83,2925,,83,
,,102.5,1950,,82,
,,102.5,1950,,82,
2000,,,,,,1.39
29,7.8,,,-35,34,1.1
230,27.5,,,-10,61,1.27
860,,,,,,1.13
8340,99.5,,,58,,1.17
1915,47.5,,,,,1.13
2850,57.5,105,2800,,87.5,
3600,52.5,82.5,2400,,84.5,
,,150,2250,,,
10500,40,150,10500,,94,
1590,31,44,1450,,83,
1344.5,31,45,1382.5,,81,
701.5,18.5,27,834,58.5,72,
2765,50.35,68.65,2205,42.5,,
2410,30.9,68,2290,37,80,1.17
2656,42,,,,,
2964,,,2654,,82,1.12
2510,37,67.3,2200,42,79,1.16
2510,37,67.3,2200,,79,
2430,32.8,69.3,2470,45,82,
3127.5,,,1930,44,84,
10500,68,120,10000,72,94,
10135,63.3,119,8273,70,92,1.61
2680,53.3,82.8,2420,78.5,84.5,
2245,43,68.6,2060,58,87,
2210,47.2,74,2220,69,85.5,
3520,70.2,109,3320,74,85.3,
2240,,73,2054,,83,1.13
2880,55.5,83.5,2490,44,86.5,1.13
2765,50.35,68.65,2205,42.5,,1.12
50,16,,,,,1.16
130,18.5,,,,,1.25
150,14,,132.5,,,0.95
,,,,,,1.09
5700,80,,,,,1.15
4300,75,,,,,1.29
1340,30,94.6,2105,,87,
,,,,,25,
,,,,,25,
8,5,,,,27,
7,4,,,,28,
,,,,,70,
,,14.2,280,,64,
,,9.8,267,,57,
,,5.2,95,,48,
,,5.3,130,,47,
,,10,133,,66,
,,,,,77,
,,,,,49,
,,45.9,1054,,80,
,,,,,78,
,,,,,22,
1400,35,60,1600,,80,
1400,35,60,1600,,80,
1360,32,58,1450,,78,
1550,40,64,1410,,83,
1400,36,62,1400,,83,
,,76,1670,,86,
2060,37,80.8,2610,,92,
1620,40,78,1870,,86,
,,73.1,1820,,88,
,,85.5,3120,,92,
1225,36,62.5,1450,,84,
2800,42.5,107.5,3500,,91.5,
,,93,2700,,92,
4100,42,80,3900,,91,
,,77.8,2510,,87,
,,102,7300,,94,
,,61.7,1478,,86,
1460,38,68,1680,,82,
1380,32,60,1300,,80,
1340,30,94.6,2105,,87,
1900,28,,2100,,,
,35,67,1800,,,
,52,64,1575,,,
138.5,15.5,,,,,0.99
,22,,150,,55,
70000,105,,,,,2.7
93000,315,,,,,2.91
96000,455,,,,,2.97
79000,496,,,,,2.82
76000,315,,,,,2.73
119000,210,,,,,8.9
1350,,,,37,,1.01
3500,96,,,143,,
3700,95,,,143,,1.3
17500,190,,,143,,1.38
3600,100,,,143,,1.3
3830,96,,,150,,
10900,105,,,143,,1.67
,85,,,,,1.27
,71,,,216,,1.34
2650,,,,228,,1.37
2600,63,,,-60,,1.39
1500,32,40,1500,,,1.32
2270,,,,220,,1.29
2550,,,,187,,1.234
2100,40,,,,,1.78
1772,65,108,2543,123,85,
2390,60,81,1720,123,85,
4420,66,93,2520,,86,
,,,,,,1.08
,,,,,,
,,,,,89,
4650,90.5,142,3420,,87,
2700,44,70,1350,,83.5,
,56,115,3350,109,,
,,85,2100,,89.5,
,,85,2100,,85,
1570,39,57,1440,,,
,,80.9,2123,,,
,,80,2000,,85,
,,,,,,1.05
13.6,4.47,,,,,
2000,49.1,106,2540,,83,
1772,65,108,2543,,80,
,57,129,3155,,,
,16.8,23,404,,69,1.178
4515,67,111.5,3205,,87.5,
1500,34,52,1500,,87,
3100,70.5,123,3455,,87,
,,,,,,1.05
2400,57.8,103,2300,,69,
,51.6,88.4,1920,,69,1.185
,,,,,,1.3
,,,,,,
,51.6,88.4,1920,123,85,1.185
,,,,,,
,4.46,,,,,1.6
,,,,,,1.05
4660,49.4,82,5220,,89,
,9,,,,,
3000,,,,,,
,56,115,3350,,,
1800,60,,,,,1.1
,,,,,,
,16.8,23,404,,69,1.178
,56,115,3350,,,
,49.7,79.7,1960,,,1.215
1496,35.6,81,2289,,,
1377.5,50,75,2450,50,,
1377.5,35,42.5,1286.5,,,
2250,54,90,2500,,85,
,46,102,3860,,,
,46,102,3860,,,
4890,35.4,102,3860,,,
,39,106,3760,,,
,38,104,3800,,,
,14.8,,,,69,1.32
3800,48,72,3600,,76,1.36
4150,48.5,,,,,1.04
72500,460,,,,,2.67
,1250,,195000,,,8.3
200000,1350,,,,,8.5
160000,1100,,,,,8
185000,785,,,,,8.2
155000,945,,,,,8.4
160000,1015,,,,,8.15
4250,90,133,4100,163,,1.31
,770,,,,,7.7
,900.6,,,,,7.79
182500,587.5,,,,,7.9
,1080,,,,,7.7
170000,975,,,,,7.8
,1100,,,,,7.8
110000,1215,,,,,4.41
108000,1250,,,,,4.41
95000,455,,,,,4.5
,,,,,,
1600,48,,,,75,0.99
1500,41.5,,1500,,75,0.93
1585,48,,,,,0.99
,,,,,,
,,,,,,
,,,,,,
,,,,,,
,,,,,,
1750,45,,,,,1
,,,,,,
,,,,,,
,,,,,,
,,,,,,
,,,,,,
,,,,,,
,,,,,,
,,,,,,
1548,32.5,60.5,1478,76,,
1796,36.5,,,,,
2663.5,88.5,,,,,
3105.5,52,84.5,2737,57.5,,
,27.5,,,,73,
,19.5,,,,,
,9.5,,,,,
,17,,,,,
1280,35,50,1440,76,,
,25,,,,74,
,14,,,,,
,20.5,,,,,
,37,,,,,0.9
3720,72,,,,,
1750,48,,,,,
175,8,,,,40,
1350,42.5,,1250,,75,1.02
1450,42.5,,1300,,74,1.02
1550,44,,1350,34,68,0.98
2550,30,,2275,,77,1.35
3450,31.5,,2300,,,1.4
,1313.5,,,,,7.7
210000,578,,,,,7.78
,,,,,,
148000,407,,,,,7.86
147000,682,,,,,7.86
196500,672.5,,,,,8.35
,,,,,,
,,,,,,
,220,,,,,
,220,,,,,
,,,,,,
131000,407,,,,,8.04
,,,,,,
,320,,,,,
,,,,,,
,461.5,,,,,14
,360,,,,,
68900,157.5,,,,,2.71
73100,196,,,,,2.84
68900,192.5,,,,,2.73
70300,193,,,,,2.68
68900,124,,,,,2.7
68900,241,,,,,2.7
71700,552,,,,,2.83
71700,541,,,,,2.81
117000,286,,,,,8.9
,,,,,,8.9
77200,120,,,,,19.32
196500,505,,,,,8
200000,620,,,,,8
193000,515,,,,,8.91
75000,385,,,,,10.4
186000,900,,,,,16.65
100000,620,,,,,4.48
112500,725,,,,,4.51
3300,55,,2590,88,,1.14
3400,55,,2370,72,,1.2
11500,60,,41200,87,,1.24
14400,80,,4780,68,,1.25
5560,60,,3080,65,,1.27
1574.5,22.5,,,,,1.05
1440,,,,,,1.01
2318.5,31.5,,,,,1.13
3830,,,,,,
3380,45,,,,,1.24
3000,,,,,,
,,,1800,,,1.04
,,,2000,,,1.08
,,,1800,,,1.07
,,,2500,,,1.27
,,,2500,,,1.27
,,,3500,,,1.24
,,,1800,,,1.04
,,,3500,,,1.24
,,,1180,,,1.01
,,,2650,,,1.19
,,,1880,,,1.27
,,,3500,,,1.24
,,,3300,,,1.17
,15,,,,32,1.1
,5.5,,,,88,0.88
,8,,,,41,0.89
1880,37.4,81,1740,84.5,,
1410,7.7,48,775,30.5,,
2400,30,68,2120,66.5,,
,32,60,1900,,,1.04
,33,57,1900,,,1.08
1726,40,62,1814,,,1.07
,48,71,1860,90,,1.25
,49,,,,,1.2
,53.7,,,,,1.23
,,,,,,1.15
,,,,,,1.15
2000,26,40,2100,,,1.05
500,54.5,,,,75,1.08
1400,,,,,,1.01
3500,50,,,57.5,,1.24
3600,53,83,3800,57.5,,1.24
1400,23,,,,,0.96
3200,39,,,,77,1.26
,46.1,,,,78,1.35
,,,,,,
,,,,,,
,1500,,,,,
2100,39.9,72.7,2370,,,
2440,65.1,,,,,
2020,47.5,,,,,
3860,78,,,,,
3500,,,,,,
3800,52.5,,4600,,,
,12,,402,,50,
1900,39.2,60.8,1833,,,
,26,37,1795,,63,
1050,19.4,,,,,
1900,38,,2250,,,
1550,22,51.2,2126,,,
3310,110,55.2,2392.5,,,
1930,71,59.6,2583.9,,,
95,24,,,,45,
3120,70,,,,,
1940,50,70.6,2147.6,,,
,,,,,,
1550,22,51.2,2126,,,
3310,110,55.2,2392.5,,,
3990,19,,,,,
,,,,,,
4210,18.3,,,,,
605,12,,,,,
1860,36,65.7,2148,,,
3145,105,54.4,2364.3,,,
150,50,,,,,
1940,50,70.6,2147.6,,,
3310,110,55.2,2392.5,,,
2030,43.6,,,,,
,,,,,,1.2
,,,,,,
4760,38,,,,,
1400,60,,,,81,
2030,43.6,,,,,
3900,39,,,,,
186300,1278.9,,,,,8.1
179500,612.5,,,,,7.95
216000,1113,,,,,7.83
77200,389.9,,,,,2.67
95000,239,,,,,8.91
172000,452,,,,,7.89
,,,,,,
,,,,,,
,,,,,,
,,,,,,
,,,,,,
,,,,,,
,,,,,,
,,,,,,
,,,,,,
,,,,,,
,,,,,,
,,,,,,
,,,,,,
,,,,,,
,,,,,,
,,,,,,
,,,,,,
,,,,,,
,,,,,,
,,,,,,
,,,,,,
,,,,,,
,,,,,,
,,,,,,
,,,,,,
,,,,,,
,,,,,,
,,,,,,
,,,,,,
,,,,,,
,634,,,,,
,,,,,,
,,,,,,
,,,,,,
2358,51.65,92.99,2469,75,87,1.19
2280,42,80,1860,58,78,1.18
2136,51,94,2155,63,86,1.15
2200,48,86,2100,44,86,1.12
45,3.5,2.5,90,,30,1.12
2115,45,82,2230,57,84,1.14
2846,64,112,2600,83,88,1.21
,,,,,,
,,,,,,
,,,,,,
,,,,,,
,,,,,,
,,,,,,
,,,,,,
,,,,,,
,,,,,,
,,,,,,
,,,,,,
,,,,,,
,,,,,,
,,,,,,
,,,,,,
,,,,,,
,,,,,,
,,,,,,
,,,,,,
,,,,,,
,,,,,,
,,,,,,
,,,,,,
,,,,,,
,,,,,,
,,,,,,
,,,,,,
,,,,,,
,,,,,,
,,,,,,
,,,,,,
,,,,,,
,,,,,,
,,,,,,
,,,,,,
,,,,,,
,,,,,,
,,,,,,
,,,,,,
,,,,,,
,,,,,,
,,,,,,
,,,,,,
,,,,,,
,,,,,,
,,,,,,
,,,,,,
,,,,,,
,,,,,,
,,,,,,
,,,,,,
,,,,,,
,,,,,,
,,,,,,
,,,,,,
,,,,,,
,,,,,,
,,,,,,
,,,,,91,
,20,,,,82.5,
,,,,,45,
,60,,,,91,
,60,,,,86,
,60,,,,88.5,
,60,,,,91,
,60,,,,91,
,45,,,,89.5,
85000,,,,400,,6.7
,,,,,,21.92
246000,92.7,,,,,18.74
167500,430,,,,,3.9
110000,,,,,,
,,,,,,
,,,,,,
,,,,,,
,,,,,,
,,,,,,
,,,,,,
,,,,,,
,,,,,,
,,,,,,
,,,,,,
,,,,,,
,,,,,,
,,,,,,
,,,,,,
,,,,,,
,,,,,,
,,,,,,
,,,,,,
,,,,,,
,,,,,,
,,,,,,
,,,,,,
,,,,,,
,,,,,,
,,,,,,
,,,,,,
,,,,,,
1800,52,70,1800,,80,1.05
1800,48,70,1800,,80,1.01
2600,30,61.25,2550,,82,1.3
,550,,,,,
,20,,27,,,1.2
61,18,6.2,86,,,1.12
,1150,,,,,7.7
,950,,,,,7.75
,1100,,,,,8
,,,,,,7.9
6130,51,76,4633,,,1.2
1602,46,46.3,1300,,,0.95
5600,67.5,103.5,5050,,,1.08
2644,44,60.3,2210,,,1.26
1542,49,60,1463,,,1.03
,,,,,,7.7
3412,47,63,2906,,,1.28
,430,,,,,2.65
,,,,,,8.35
,,,,,,8.65
,500,,,,,8.78
,840,,,,,8.3
,1000,,,,,8.4
,1050,,,,,8.2
,1160,,,,,4.45
,,,,,,4.4
3550,78,121,3300,,,1.15
3457,74,99,2842,,,1.14
,,38,1600,,70,1.4
,,54,1700,,62,1.3
,,25,1000,,64,1.21
,,38.5,1000,,66,1.21
,,38.5,1000,,66,1.21
,,64.5,,,,
,,28,1000,,66,1.35
,,55,2000,,80,1.44
9380,126.5,132,9050,,,1.1
12740,166,176.7,12400,,,1.4
1044,10.8,,,105,,1.04
701,9.2,,,99.5,,1.08
962.5,11.05,,,103,,1.06
1406.5,19,,,62,,1.34
967,6.4,,,97,,1.04
2100,145,,,,,1.27
,,,,-35,,1.15
,,,,,,1.25
,,,,60,,1.24
,,,,,,1.25
15000,170,,,,,1.18
9000,80,130,8000,74,,1.23
1904.5,17.85,,,60,,1.26
371,7.25,,,,,0.9
2490,25.2,75.85,3290,,,0.94
2064,21.6,,,60,,1.25
,33.3,59,,,,1.125
,65,85,1992,,,1.12
,59.7,94.1,,,,1.19
3738,99.9,147,3612,143,85,1.3
,76.5,158.1,4276,160,,1.29
,46.7,85.1,,,,1.205
3427,90,126,3197,215,,1.27
2230,86,116,2340,186,,1.34
2150,31,58,2100,103,,
,350,80.9,,,,
,450,400,,,,
,350,85,,,,
,250,,,,,
,380,85,,,,
,45,1900,,,80,
,,,,,68,
,45,1900,,,80,
,38,1850,,,81,
,45,1900,,,80,
,46,2000,,,84,
25,16,,,,40,
,,123,2710,,,
4.6,2,,,,,
1853,51.5,79.6,2293,55,86,
1853,51.5,79.6,2293,55,86,
,,123,2710,,,
1063,43.7,39.6,863,78,82,
,,41,1100,,82.5,1
2189,33.2,56.6,1822,100,72.2,1.032
1121,19.8,27.3,865,107,66.7,1.03
1775,27.7,44.7,1509,100,65.2,1.037
2172,44.6,67.7,1640,,79.2,1.193
3200,,,3300,215,,1.27
3440,74,138,2920,217,,
2900,,,3000,160,,1.27
2850,85,,,159,,
4015,41.3,80.4,2987,76,76.4,1.317
1833,11.1,57.5,1641,80,72.5,1.274
2491,22.9,62.8,2097,60,76.8,1.21
2787,40.3,67.6,2299,59,75.2,1.225
2963,57.9,91.6,2675,61,79.1,1.24
67,17.7,,66,160,91,1.22
90,41.7,3,81,,,1.16
3000,85,,,,,
3000,67,,,,,
15000,170,,,,,
3800,97,145,3400,,,
7800,126,,,,,
9000,80,130,8000,,,
,22.5,,,,,
,18,,27,,,
,18,,27,,,
,21,,93,3.1,,
,,,,,,3.065
,,,,,,3.16
,,,,,,6.088
,,,,,,6.088
,,,,,,2.44
,,,,,,3.985
,,430,,,,3.985
,760,,,,,3.23
1.4,1.9,,,,,
3.5,4.2,,,,,
1.6,2.3,,,,,
2.3,3.1,,,,,
6.4,8.4,,,,,
3.1,4.4,,,,,
1000,30,,,,,
1550,40,40,1275,,75,
1000,27.5,25,800,,70,
2600,51,,,,,
1100,19,,,,,
,,,,,,
,,,,,,
,,,,,,
,,,,,,
,,,,,,
,,,,,,
,,,,,,
,,,,,,
,,,,,,
,,,,,,
,,,,,,
,,,,,,
,,,,,,
,,,,,,
,,,,,,
,,,,,,
,,,,,,
,,,,,,
,,,,,,
,,,,,,
,,,,,,
,,,,,,
,,,,,,
,,,,,,
,,,,,,
,,,,,,
,,,,,,
,,,,,,
,,,,,,
,,,,,,
,,,,,,
,,,,,,
,,,,,,
,,,,,,
,,,,,,
,,,,,,
,,,,,,
,,,,,,
,,,,,,
,,,,,,
,33,,,,50,
,28,,,,,
,28,,,,70,
,31,,,,,
,29.5,,,,,
,28,,,,,
,,,,,,
,,,,,,
,,,,,,
,,,,,,
,,,,,,
,,,,,,
125000,1050,,,,,
,,,,,,
54000,700,470,51000,,,
21000,590,210,22000,,,
,1420,,,,,
21000,600,420,21000,,,
,765,,,,,814.46
27000,610,190,26000,,,
940,54,32,840,,,
1400,30,81,2900,,,
1300,31,79,4000,,,1.2
2400,50,80,2400,,82.5,
200000,1100,,,,,8.5
,,,,,,
,,,,,,
,,,,,,
,,,,,,
,,,,,,
180000,890,,,,,8.4
175000,890,,,,,8.1
170000,690,,,,,7.94
190000,520,,,,,7.93
195000,1100,,,,,7.3
180000,1100,,,,,8
110000,510,,,,,4.4
120000,1160,,,,,4.4
,,62,1900,,,
2300,,94,2100,,,
1900,,,,,,
2030,,,,,,
2020,,,,,,
3800,,,,,,
95,24,,,,45,
,26,,1795,,63,
1550,22,,,,,
1780,,59,1800,,,
,,,,,,
3990,,,,,,
4210,,,,,,
2300,,102,2020,,,
1400,,,,,81,
2350,63,,,,,
1820,37.2,,,,,
2400,,,,,,
2020,,69,2050,,,
3120,,,,57,,
3120,,,,57,,
3973,,,,,,
3600,53,83,3800,,,
4000,40,,,,,
,12,,420,,50,
3860,,,,,,
3500,,,,,,
,,,,,,
2580,,,,,,
,,,,,,
3120,,,,,,
150,,,,-16,,
,,,,,,
25,2.8,,,31,,
390,12,,,47,51,
2.86,1.11,,,,,
950,25,,,,,
2,3,,,10,,
2070,49,90,2590,86,85,
3,5,,,,,
16,9.7,,,,,
1571,63.1,,1288,,88,
2403,65.9,90,2808,113.5,85,
185,13.9,1.42,56.27,,67,
4.3,3.26,,,45,,
3.1,1.6,,,,,
1800,48,,,,80,
1800,60,,,,80,
3300,120,,,,90,
500,48,,,,60,
2.4,17.8,,,,,
11.1,18.3,,,,,
11500,,,,,,1.24
3800,39,,,,77,1.26
,330.5,,,,,
390000,,550,,,,3.96
,,,,,,
,,1900,,,,5.45
,,1900,,,,5.45
,,740,,,,4.12
,,,,,,
2315,50,,,57.5,,
2656,32,59.5,2196.5,57.5,,
,17.5,,72,,,1.05
1900,54,93,1590,93,80,
2460,63,93,1590,,85,
2460,60,93,1590,93,85,
,,115,2500,,85,
,,,,,85,
,84,,2383,,,
,,,,,,
,,,1980,,84,
,,65,2400,,85,
,,,1800,,,
,45,,,,,
,,85,2000,,85,
,,75,2100,,85,
,,85,2300,,85,
,,,2043,,,
396,48,,,-10,75,
26,39,,,-24,,
,12,,,,,
12,26,,,-35,,
,16.8,24,,,62,
,36.2,81,,,84,
,45,25,,,84,
,45,25,,,84,
,45,25,,,84,
,38,25,,,81,
,18.2,24,,,78,
,1337,,,,,
,,,,,,
,1432,,,,,
,,,,,,
,649,,,,,
,,,,,,
,904,,,,,
,,,,,,
,1446,,,,,
,,,,,,
,,,,,,
,,,,,,
,1332,,,,,
,,,,,,
,,,,,,
,,,,,,
,2042.5,,,,,
,2007,,,,,
,1888,,,,,
,,,,,,
,1034.5,,,,,
,862.5,,,,,
,660.5,,,,,
,1184,,,,,
,1002.5,,,,,4.3
,,,,,,
,1081.5,,,,,4.3
,,,,,,
,,,,,,
,,,,,,
,,,,,,
,,,,,,
,,,,,,
,,,,,,
,,,,,,
,,,,,,
,,,,,,
,,,,,,
,,,,,,
,,,,,,
,938,,,,,
,,,,,,
,,,,,,
,,,,,,
,,,,,,
,,,,,,
,,,,,,
,,,,,,
,,,,,,
,,,,,,
,,,,,,
,,,,,,
,,,,,,
,,,,,,
,,,,,,
,,,,,,
,,,,,,
,1186.58,,,,,
,,,,,,
,799,,,,,
,,,,,,
,,,,,,
,,,,,,
,,,,,,
,1077,,,,,
,,,,,,
,,,,,,
,,,,,,
,,,,,,
,,,,,,
,,,,,,
5860.5,89.45,,,310,,
4826,68.9,,,310,,
,733,,,,,8.44
,733,,,,,8.44
,848,,,,,8.61
,848,,,,,8.61
1900,38,56,,,,
1700,40,60,1800,,,
3500,50,,,,,
1100,37,,,,,
3800,97,145,3400,,,
3200,111,160,3300,,,
3000,53,71,2040,,,
,7,,,,,
,50,,,,,
,35,,,,,
,42,,,,,
,40,,,,,
,46,,,,92,1.1
,63,,,,90,1.09
1745,35.7,60.2,1198,70,,1.1
,29,,,,,1.17
2174,33.35,59,1339,101,,1.12
2379,43.8,73.4,,97.8,,
2307,62.7,100.4,2477,112,,1.19
1472,31.9,53.7,1174,81,,1.25
2636,46.6,85.1,3283,55,,1.17
2088.5,40,66.3,2081,109,,1.1
2097.5,36.5,64.4,1933,140,,1.2
2048,59.7,94.1,2044,113,,1.18
2634,56.35,96.9,2518,,,1.2
1558,30.1,55.1,,79,,1.25
1879,28.1,48,2119,55,,1.17
2223,66.2,97,1667,67,,1.12
6128.5,86.5,169,8339,56.6,,1.17
3900,72.05,136.4,4637,75,,1.2
1926,41.32,71.01,1156,69,,1.15
,23.2,52.9,2607,55,,0.8
,,,,,,
,,,,,,
,,,,,,
,,,,,,
,,,,,,
,,,,,,
,,,,,,
,,,,,,
,,,,,,
,,,,,,
,,,,,,
,,,,,,
,,,,,,
,,,,,,
,,,,,,
,,,,,,
,,,,,,
,,,,,,
,,,,,,
,,,,,,
,,,,,,
,,,,,,
,,,,,,
,,,,,,
,,,,,,
,,,,,,
,,,,,,
,,,,,,
,,,,,,
,,,,,,
,,,,,,
,,,,,,
,,,,,,
,,,,,,
,,,,,,
,,,,,,
,920,,,,,
,,,,,,
,,,,,,
,,,,,,
,1019,,,,,
,,,,,,
,,,,,,
,,,,,,
,,,,,,
,,,,,,
,,,,,,
,,,,,,
,,,,,,
,,,,,,
,,90,1700,,80,
,,80,1600,,85,
,,90,1700,,80,
,,93,2121,,80,
,,84,1776,,80,
,,86,1791,,85,
,,108,2327,,85,
,,114,2438,,85,
,5,,,,,
,,83,1645,,80,
,,113,2442,,80,
,,169,5528,,80,
,6.2,,,,40,
,,80,1668,,85,
,,117,2508,,85,
,,91,2028,,80,
3450,33,,2300,,,1.4
3450,33,,2300,,,1.4
1350,45,,1250,,75,1.02
1450,45,,1300,,74,1.02
2550,30,,2275,,77,1.35
1602,46,46.3,1300,,,0.95
1550,44,,1350,,68,0.98
3800,58,90,,,,1.26
3050,64.7,121,2650,,89,
380,,450,,,,
2300,,85,2700,,82.5,
,,45,1000,,72.5,
,,115,2500,,87.5,
2000,,112.5,2275,,82.5,
2950,74,115,2450,,87.5,
2950,74,115,2450,,87.5,
200,,1100,,,,
1250,28,,1150,,75,0.89
65,7,,,,,1.12
2675,53,79.5,2780,,,1.1
2675,53,79.5,2770,,,1.1
1905,41,72.5,1960,,,1.09
2608,51.5,75,2522.5,,,1.12
2657,49,72,2730,,,1.11
2698,50,73,2720,,,1.12
2698,50,73,2720,,,1.12
2976,62,70,2933,,,1.11
2542,44.5,66.5,2633.5,,,1.08
2688,51.5,74.5,2730,,,1.12
7580,,105.25,6205,,,
,44,85,2175,110,,
2010,63,,,,,1.2
,,,1955,,,0.83
,,73,2110,80,,
3309,110,,,,,1.24
,,,,,,
,,,,,,
,,,,,,
,,84,,,83,1.1
2500,52,82,2000,,83,1.12
2500,52,82,2000,,83,1.12
2920,54,85,2670,,81,1.12
2920,54,85,2670,,81,1.12
,,70,2400,,,1.05
,53,71,2918,,,1.08
,171,,752,,40,
,22.7,436.4,2275,,,
,40,,,,,1.25
,53,76.07,2063,,,1.3
,6,,,,,0.95
64000,374.5,,,,,
220000,1101,,,,,
158000,968.5,,,,,
146000,906,,,,,
162000,1128,,,,,8.1
,336.5,,,,,2.68
,905,,,,,
,1176,,,,,4.42
141000,614,,,,,
172500,635.5,,,,,
114000,1119.5,,,,,
1500,45,46,1200,,77,
1689,47,58.5,1406,,,0.93
2291,33,52.8,1904,,,
6500,77,110,4800,,,
907,21.4,22.8,698,,,0.84
,,72,1853,99,,
2081,26.5,,1939.5,,,
2080,55.5,,2031.5,,,
1800,47.5,,1685,,,
2010,56.5,,1915,,,
6450,66.5,94,,,,
3739.5,35.5,86,,,,
2450,28.5,68,,,,
3595,48.5,120,,,,
2575,46.5,101,,,,
8800,106.5,143,,,,
4245.5,60,171,,,,
2689,54.3,99,,,,
4650,64.5,99,,,,
3759,41,86,,,,
2783.5,38,74,,,,
2365.5,62.5,,2310,,,
2807.5,57,,2610,,,
2807.5,57,,2610,,,
,,,,,,
,,,,,,
,,,,,,
,,,,,,
,,,,,,
,,,,,,
,,,,,,
,,,,,,
,,,,,,
,,,,,,
,,,,,,
,,,,,,
,,,,,,
,,,,,,
,,,,,,
,,,,,,
,,,,,,
,,,,,,
,,,,,,
,,,,,,
,1310,,,,,
413.65,23.4,,,,,
172.4,15.86,,,70,,
758.4,44.12,,,,,
1600,37,,,,,
400,22,,,,,
,,90,1600,,80,
,,,,,60,
,,,,,80,
,,78,1750,,80,
,,90,1700,,80,
,,90,1700,,80,
2000,,5,,,,1
23000,,20,,,,3
6000,,30,,,,1.5
35000,,60,,,,2.3
,,,,,,1.181
,,,,,,1.16
1750,30,35,2060,,77,
1750,30,35,2060,,77,
2403,66,88,2808,,85,
1570,40,24,650,,82,
2310,47.3,71.04,2590,,81.7,
2560,49,71.08,2790,,82,
,43.6,,,,,
6000,100,,,,,
4000,95,,,,,
,50,,2030,62,,
3585,127,,,,,
402,12,,,,,
150,50,,,,,
68,37,,,,,
15720,40.5,24,651,,82,
1030,25,27.3,1130,,64,
,,,,,85,
,,,,,85,
,,85,2100,,85,
,,,,,,
,,40,1000,,85,
,,40,1000,,85,
,,75,1700,,77.5,
,,75,1700,,,
,,79,2000,,78.5,
,,79,2000,,78.5,
,,80,2000,,85,
,,80,2000,,85,
1600,43,57,1432,,,
1600,43,57,1432,,,0.98
3200,40,71,2600,,,1.13
3500,42,70,3200,,,1.36
5800,65,85,2800,,,1.09
500,25,14,450,,,
,,,,,,
,,,,,,
,,,,,,
,,,,,,
,,,,,,
,,,,,,
,,,,,,
,,,,,,
,,,,,,
,,,,,,
,,,,,,
,,,,,,
,,,,,,
,,,,,,
,,,,,,
,,,,,,
,,,,,,
,,,,,,
,,,,,,
,,,,,,
,,,,,,
,,,,,,
,,,,,,
,,,,,,
,,,,,,
,,,,,,
,,,,,,
,,,,,,
,,,,,,
,,,,,,
,10,,,,,0.95
,1.8,,,,,0.7
,54,,,,76,1
,3.6,,,,,
,40,,,,,
,6,,,,,0.7
,,,,,,
,,29,,,,0.95
,,,,,84,1.12
30,86,,,,85,1.1
1681,86,,,,85,1.1
,,,,,79,1.1
,,,,,83,1.15
,1730,,,,,
,1110,,,,,
184000,633,,,,,
,1100,,,,,
155000,832,,,,,
64000,397,,,,,
,294,,,,,
57000,415,,,,,
194000,1101,,,,,
116000,495,,,,,
162000,772,,,,,
182000,961,,,,,
166000,994,,,,,
177000,1009,,,,,
125000,487,,,,,
114000,1062,,,,,
111000,1286,,,,,
105000,290,,,,,
110000,1358,,,,,
,,,,,,
70000,443,,,,,2.68
182000,961,,,,,8.44
170000,654,,,,,7.95
179000,1017,,,,,8.042
,140,,,,,1.33
11000,140,,,,,1.33
3120,48,,,,,1.29
3120,48,,,,,1.29
2300,35.6,,,220,,1.2
2000,42,,,220,,1.29
3400,77,,3200,,,1.13
6300,77,,6000,,,
,,80,2150,,,
70000,330,,,,,2.67
200000,1100,,,,,8.3
90000,400,,,,,8.8
200000,1150,,,,,7.9
200000,1090,,,,,8
160000,980,,,,,8.15
1550,44,,1350,34,,0.98
2550,30,,2275,,,1.35
170000,850,,,,,7.8
180000,850,,,,,7.8
180000,560,,,,,7.98
110000,1000,,,,,4.51
,,57.5,1600,,,
,,80,2150,,,
,,50,1600,,,
2400,36,61,2400,108,,1.04
1920,37,62,1920,116,,1.08
2400,36,61,2300,108,,1.04
2400,36,61,2300,108,,1.04
2200,33,46.5,1875,108,,
,2.75,,,,,1.14
3500,67.05,99.5,2900,149,,
3070,65,70,2920,158,,
1980,31.5,54,1750,108,,1.05
2465,68,106.5,2450,186,,
2500,57.5,92.5,2700,53,84.5,1.17
2800,57.5,70,1950,50,86,1.17
1575,36,45,1630,117,,
1500,25,35,1400,36,76,1.16
1275.5,42.25,64.5,1275,,,1
4907.5,55,100.05,6225,,,1.15
2024.5,52.05,89.6,2037.5,,,
18,17.1,2.1,31.25,-42,,1.13502
3350,75,120,3300,63.5,87.5,1.17
,4,,,,,1.16
2300,68,104,2200,161,,1.2
1900,41,68,1900,125,,1.098
2000,57,90,2100,161,,1.2
2100,55,110,2200,230,,1.28
2500,57.5,95,3000,49,84.5,1.18
1900,42.5,55.5,1600,50,82,1.2
,,,,132,,
2789,37,64.5,2700,63,,
,2.1,,,,61,1.14
,1.15,,,,27,1.12
,4,,,,75,1.16
,1.15,,,,27,1.12
2506.5,,110.5,2527,215,,1.27
2210,55.5,90,2175,186,,1.28
2500,57.5,92.5,2700,53,84.5,1.17
2500,55,65,2200,49,84.5,1.18
2500,57.5,92.5,2700,53,84.5,1.18
2500,57.5,92.5,2700,53,84.5,1.17
2500,57.5,92.5,2700,53,84.5,1.17
2500,55,92.5,2700,53,84.5,1.17
2700,59.5,95,2850,53,53,1.17
1275,53.5,68,1950,,80,
,,,,,,
2500,57.5,92.5,2700,53,84.5,1.17
2500,57.5,92.5,2700,53,84.5,1.17
2500,57.5,92.5,2700,53,84.5,1.17
2500,57.5,92.5,2700,53,84.5,1.17
2500,57.5,92.5,2700,53,84.5,1.17
2500,57.5,92.5,2700,53,84.5,1.17
2500,57.5,92.5,2700,53,84.5,1.17
1100,52.5,77.5,450,,85,
906.5,19.5,52,2265,,82.5,
,,65,2400,,85,
892.5,41.95,57.5,1900,,85,
503,55.8,,,82,,
183,33.1,,,52,,
1941,47.23,,,77,,
73,34,,,68,,
212.7,35.77,,,52,,
,47,,,93,,
73,34.8,,,74,,
440,40.7,,,77,,
555.425,31.33,,,76,,
,31,,490,,65,0.97
,103.42,151.68,12411,,,
,75.84,103.42,5516,,,
,162.03,262,25511,,,
,227.53,258.55,22063,,,
,237.18,265.45,24132,,,
,213.74,289.58,22753,,,
,172.37,237.87,13100,,,
,186.16,275.79,19305,,,
,131,220.63,8963,,,
,131,220.63,37232,,,
,86.18,227.53,28958,,,
,84.81,262,42058,,,
,134.45,199.95,11032,,,
,158.58,234.42,14479,,,
,75.84,110.32,6205,,,
,68.95,120.66,11032,,,
,167.54,248.21,7584,,,
,,,,,,
,,,,,,
,,,,,,
,,,,,,
,,,,,,
,,,,,,
,,,,,,
,,,,,,
,,,,,,
,,,,,,
,,,,,,
,,,,,,
,,,,,,
,,,,,,
,,,,,,
,,,,,,
,,,,,,
,,,,,,
,,,,,,
,,,,,,
,,,,,,
,,,,,,
,,,,,,
,,,,,,
,,,,,,
,,,,,,
,,,,,,
,,,,,,
,,,,,,
,,,,,,
,,,,,,
,,,,,,
,,,,,,
,,,,,,
,,,,,,
,,,,,,
,,,,,,
,,,,,,
,,,,,,
,,,,,,
,,,,,,
,,,,,,
,,,,,,
,,,,,,
,,,,,,
,,,,,,
,,,,,,
,,,,,,
,,,,,,
,,,,,,
,,,,,,
,,,,34,,
,92,133,6500,90,,1.38
,64,102,5500,90,,1.4
,55,84,3100,85,,1.22
2398,32,71,2241,,,1.26
1700,32,54,1994,,,1.36
1700,46,47,1700,,,0.95
2577,32,54,1994,,,1.36
2398,45,61,2241,,,1.25
175,8,,,,,0.95
1700,46,47,1700,,,0.95
2013,52.6,50,1900,,,0.96
2000,50,60,1900,,,0.95
1550,47,45,1200,,,0.96
1700,46,47,1700,,,0.95
,19,,,,,0.5
,20,,72,,,0.6
2500,,,,,,
9000,80,,8000,,,1.4
8000,110,,6800,,,1.07
2500,,,,,,
,,,20500,,,1.14
2500,,,,,,
65.5,,,,,,1.24
,32,,,,,1
,40,,,,,1
,40,,,,,1.2
,50,,,,,1.22
,55,,,,,1.24
65.5,,,,,,1.24
65.5,,,,,,1.24
,26,,,,,1.27
2500,,,,,,
,51,,2300,,,1.17
,19.6,,,,47,1.4
1440,,,,,75,1
2500,,,,,,
,,,20500,,,1.14
2340,71,,,,,1.2
25000,200,,,,,1.4
2300,,65,,,,1.04
,,,960,,,0.89
,54,,7000,,,1
2500,,,,,,
,,,,,,1.3
1800,,,,,,1.04
2000,43,,,,,1.1
,,,25,,,1.15
,,,32,,,1.11
,,,19500,,,1.08
,1150,,,,,7.7
,,,,,,
,,,,,,
,,,,,,
,,,,,,
,,,,,,
,,,,,,
,,,,,,
,,,,,,
,,,,,,
,,,,,,
,,,,,,
,,,,,,
,,,,,,
,,,,,,
,,,,,,
,,,,,,
,,,,,,
,,,,,,
,,,,,,
,,,,,,
,,,,,,
,,,,,,
,,,,,,
,,,,,,
,,,,,,
,,,,,,
,,,,,,
,,,,,,
,,,,,,
,,,,,,
,,,,,,
,,,,,,
,,,,,,
,,,,,,
,,,,,,
,,,,,,
,,,,,,
,,76,2200,,,1.05
,45,71,2900,68,,1.15
,,,,70,,1.34
,,,,58,,1.24
,14,14,350,,55,0.89
,,,,,,1.09
,,,,,,
,4.3,,,,,
,3.7,,,,,
,,2.85,,,,
,,3.3,,,,
,,3.3,,,,
,,,,,,
,,,,,,
,,,,,,
,,,,,,
,,,,,,
,,,,,,
,,,,,,
,,,,,,
,,,,,,
,,,,,,
,,,,,,
,,,,,,
,,,,,,
,,,,,,
,,,,,,
,,,,,,
,,,,,,
,,,,,,
,,,,,,
,,,,,,
,,,,,,
,,,,,,
,,,,,,
,,,,,,
,,,,,,
,,,,,,
,,,,,,
,,,,,,
,,,,,,
,,,,,,
,,,,,,
,,,,,,
,,,,,,
,,,,,,
,,,,,,
,,,,,,
,,,,,,
,,,,,,
,,,,,,
,,,,,,
,,,,,,
,,,,,,
,,,,,,
,,,,,,
1700,,90,,,80,1.1
800,,50,,,,1.1
1700,,90,,,80,1.1
,,,,,,1.19
1700,,90,,,80,1.1
,,,,,,1.1
,,,,,,1.1
600,,50,,,,1.1
,1091.5,,,,,
,1450,,,,,
,315,,,,,
,1350,,,,,
,985,,,,,
,710,,,,,
,1040,,,,,
,1180,,,,,
,1115,,,,,
,1070,,,,,
,1075,,,,,
3900,39,,,,,1.27
2020,50,,,,,1.27
7400,102,166,6100,,,1.17
6500,60,78,4300,,,0.94
35000,950,,,,,4.43
115000,1035,,,,,4.4
,,,,,,2.67
,,442.5,,,,3.85
,,1050,,,,11.5
90000,,,,,,8.9
,,,,,,8.3
,,,,,,8
3498,43,67,2413,,,1.24
6128,50,74,4630,,,1.18
160000,,,,,,8.15
,,80,2150,,,
,,80,2150,,,
,,,,,,7.89
,,,,,,4.51
,,57.5,1600,,,
,,80,2150,,,
,,50,1600,,,
1600,43,57,1432,,,0.97
61,21,3.3,74,,,1.15
,,,,,,
2460,45.7,68.9,2250,,81,1.1
2510,47.4,67.3,2200,,78,1.16
,,,,,,1.26
1700,48,58,1500,,75,0.93
1825,49,53,1350,,75,0.98
2350,42,65,2300,,,1.06
,,,,,,
2850,49,73,2900,,80,1.22
1200,23.5,,,,,0.895
1600,5.5,,,105,,0.77
,,,,,,
77.5,7.5,,,,,0.95
